ProductDescriptionID,Description
3,"Chromoly steel."
4,"Aluminum alloy cups; large diameter spindle."
5,"Aluminum alloy cups and a hollow axle."
8,"Suitable for any type of riding, on or off-road. Fits any budget. Smooth-shifting with a comfortable ride."
64,"This bike delivers a high-level of performance on a budget. It is responsive and maneuverable, and offers peace-of-mind when you decide to go off-road."
88,"For true trail addicts. An extremely durable bike that will go anywhere and keep you in control on challenging terrain - without breaking your budget."
128,"Serious back-country riding. Perfect for all levels of competition. Uses the same HL Frame as the Mountain-100."
168,"Top-of-the-line competition mountain bike. Performance-enhancing options include the innovative HL Frame, super-smooth front suspension, and traction for all terrain."
170,"Suitable for any type of off-road trip. Fits any budget."
209,"Entry level adult bike; offers a comfortable ride cross-country or down the block. Quick-release hubs and rims."
249,"Value-priced bike with many features of our top-of-the-line models. Has the same light, stiff frame, and the quick acceleration we're famous for."
320,"Same technology as all of our Road series bikes, but the frame is sized for a woman. Perfect all-around bike for road or racing."
321,"Same technology as all of our Road series bikes. Perfect all-around bike for road or racing."
337,"A true multi-sport bike that offers streamlined riding and a revolutionary design. Aerodynamic design lets you ride with the pros, and the gearing will conquer hilly roads."
375,"Cross-train, race, or just socialize on a sleek, aerodynamic bike. Advanced seat technology provides comfort all day."
376,"Cross-train, race, or just socialize on a sleek, aerodynamic bike designed for a woman. Advanced seat technology provides comfort all day."
409,"Alluminum-alloy frame provides a light, stiff ride, whether you are racing in the velodrome or on a demanding club ride on country roads."
457,"This bike is ridden by race winners. Developed with the Adventure Works Cycles professional race team, it has a extremely light heat-treated aluminum frame, and steering that allows precision control."
513,"All-occasion value bike with our basic comfort and safety features. Offers wider, more stable tires for a ride around town or weekend trip."
554,"The plush custom saddle keeps you riding all day, and there's plenty of space to add panniers and bike bags to the newly-redesigned carrier. This bike has stability when fully-loaded."
594,"Travel in style and comfort. Designed for maximum comfort and safety. Wide gear range takes on all hills. High-tech aluminum alloy construction provides durability without added weight."
613,"Superior shifting performance."
618,"Super rigid spindle."
619,"High-strength crank arm."
620,"Triple crankset; alumunim crank arm; flawless shifting."
627,"All-weather brake pads; provides superior stopping by applying more surface to the rim."
630,"Wide-link design."
633,"Stout design absorbs shock and offers more precise steering."
634,"Composite road fork with an aluminum steerer tube."
635,"High-performance carbon road fork with curved legs."
637,"Our best value utilizing the same, ground-breaking frame technology as the ML aluminum frame."
642,"The ML frame is a heat-treated aluminum frame made with the same detail and quality as our HL frame. It offers superior performance. Men's version."
644,"The ML frame is a heat-treated aluminum frame made with the same detail and quality as our HL frame. It offers superior performance. Women's version."
647,"Each frame is hand-crafted in our Bothell facility to the optimum diameter and wall-thickness required of a premium mountain frame. The heat-treated welded aluminum frame has a larger diameter tube that absorbs the bumps."
661,"Made from the same aluminum alloy as our top-of-the line HL frame, the ML features a lightweight down-tube milled to the perfect diameter for optimal strength. Women's version."
686,"Replacement mountain wheel for entry-level rider."
687,"Replacement mountain wheel for the casual to serious rider."
688,"High-performance mountain replacement wheel."
689,"Replacement road front wheel for entry-level cyclist."
690,"Sturdy alloy features a quick-release hub."
691,"Strong wheel with double-walled rim."
692,"Aerodynamic rims for smooth riding."
697,"All-purpose bar for on or off-road."
698,"Tough aluminum alloy bars for downhill."
699,"Flat bar strong enough for the pro circuit."
700,"Unique shape provides easier reach to the levers."
701,"Anatomically shaped aluminum tube bar will suit all riders."
702,"Designed for racers; high-end anatomically shaped bar from aluminum alloy."
703,"Unique shape reduces fatigue for entry level riders."
704,"A light yet stiff aluminum bar for long distance riding."
744,"Threadless headset provides quality at an economical price."
745,"Sealed cartridge keeps dirt out."
746,"High-quality 1' threadless headset with a grease port for quick lubrication."
847,"Expanded platform so you can ride in any shoes; great for all-around riding."
848,"Lightweight, durable, clipless pedal with adjustable tension."
849,"Stainless steel; designed to shed mud easily."
850,"Clipless pedals - aluminum."
851,"Lightweight aluminum alloy construction."
852,"Top-of-the-line clipless pedals with adjustable tension."
853,"A stable pedal for all-day riding."
856,"Refillable shoes; polished aluminum calipers."
858,"10-speed aluminum derailleur with sealed pulley bearings."
867,"Replacement rear mountain wheel for entry-level rider."
868,"Replacement rear mountain wheel for the casual to serious rider."
869,"Extra-strong rims guarantee durability."
870,"Replacement rear wheel for entry-level cyclist."
871,"Aluminum alloy rim with stainless steel spokes; built for speed."
872,"Strong rear wheel with double-walled rim."
873,"Excellent aerodynamic rims guarantee a smooth ride."
885,"Synthetic leather. Features gel for increased comfort."
886,"Designed to absorb shock."
887,"Anatomic design for a full-day of riding in comfort. Durable leather."
888,"Lightweight foam-padded saddle."
889,"Rubber bumpers absorb bumps."
890,"Lightweight kevlar racing saddle. Leather."
891,"Comfortable, ergonomically shaped gel saddle."
892,"New design relieves pressure for long rides."
893,"Cut-out shell for a more comfortable ride."
903,"Comparible traction, less expensive wire bead casing."
904,"Great traction, high-density rubber."
905,"Incredible traction, lightweight carbon reinforced."
906,"Same great treads as more expensive tire with a less expensive wire bead casing."
907,"Higher density rubber."
908,"Lightweight carbon reinforced for an unrivaled ride at an un-compromised weight."
909,"High-density rubber."
912,"Self-sealing tube."
913,"Conventional all-purpose tube."
914,"General purpose tube."
1020,"The LL Frame provides a safe comfortable ride, while offering superior bump absorption in a value-priced aluminum frame."
1062,"Made from the same aluminum alloy as our top-of-the line HL frame, the ML features a lightweight down-tube milled to the perfect diameter for optimal strength. Men's version."
1090,"Our lightest and best quality aluminum frame made from the newest alloy; it is welded and heat-treated for strength. Our innovative design results in maximum comfort and performance."
1146,"Lightweight butted aluminum frame provides a more upright riding position for a trip around town. Our ground-breaking design provides optimum comfort."
1182,"The HL aluminum frame is custom-shaped for both good looks and strength; it will withstand the most rigorous challenges of daily riding. Men's version."
1183,"Affordable light for safe night riding - uses 3 AAA batteries"
1185,"Aluminum cage is lighter than our mountain version; perfect for long distance trips."
1186,"AWC logo water bottle - holds 30 oz; leak-proof."
1187,"Carries 4 bikes securely; steel construction, fits 2' receiver hitch."
1188,"Clip-on fenders fit most mountain bikes."
1189,"Combination of natural and synthetic fibers stays dry and provides just the right cushioning."
1191,"Designed for convenience. Fits in your pocket. Aluminum barrel. 160psi rated."
1192,"Designed for the AWC team with stay-put straps, moisture-control, chamois padding, and leg grippers."
1193,"Durable, water-proof nylon construction with easy access. Large enough for weekend trips."
1194,"Full padding, improved finger flex, durable palm, adjustable closure."
1195,"Synthetic palm, flexible knuckles, breathable mesh upper. Worn by the AWC team riders."
1196,"Heavy duty, abrasion-resistant shorts feature seamless, lycra inner shorts with anti-bacterial chamois for comfort."
1197,"Includes 8 different size patches, glue and sandpaper."
1199,"Light-weight, wind-resistant, packs to fit into a pocket."
1200,"Men's 8-panel racing shorts - lycra with an elastic waistband and leg grippers."
1201,"Perfect all-purpose bike stand for working on your bike at home. Quick-adjusting clamps and steel construction."
1202,"Rechargeable dual-beam headlight."
1203,"Rugged weatherproof headlight."
1205,"Short sleeve classic breathable jersey with superior moisture control, front zipper, and 3 back pockets."
1206,"Simple and light-weight. Emergency patches stored in handle."
1208,"Thin, lightweight and durable with cuffs that stay up."
1209,"Tough aluminum cage holds bottle securly on tough terrain."
1210,"Traditional style with a flip-up brim; one-size fits all."
1211,"Unisex long-sleeve AWC logo microfiber cycling jersey"
1212,"Universal fit, well-vented, lightweight , snap-on visor."
1213,"Versatile 70 oz hydration pack offers extra storage, easy-fill access, and a waist belt."
1214,"Warm spandex tights for winter riding; seamless chamois construction eliminates pressure points."
1215,"Washes off the toughest road grime; dissolves grease, environmentally safe. 1-liter bottle."
1216,"Wraps to fit front and rear tires, carrier and 2 keys included."
1360,"??????? ?????????"
1361,"?????? ?? ????? ??????????? ??? ???? ????? ???? ?????."
1362,"?????? ?? ????? ?????????? ????? ????."
1363,"?????? ??? ??? ?? ????? ???????? ????? ??? ????? ??????? ?? ??? ???????. ?????? ??? ???????. ??? ????? ??? ?? ????? ?????."
1364,"???? ??? ??????? ????? ?????? ?? ?????? ?? ???? ??????? ?????. ??? ????? ????? ????????? ???????? ?????? ????????? ??? ???????? ??? ????????? ??????? ???? ???? ????? ?? ??????? ??? ????? ??? ???????."
1365,"?????? ????? ???????? ?? ??????? ??? ???????. ????? ????? ?????? ????? ???????? ??? ??? ?? ???? ??? ????? ?? ?? ???? ??? ????? ??????? ?? ??? ??? ?? ?????? ????????."
1366,"?????? ????????? ?? ??????? ???????. ????? ????? ????? ??????? ????????. ?????? ??? ???? HL Frame ???????? ?? ???? Mountain-100."
1367,"????? ?????? ????? ??????? ?? ?????? ?? ???? ????. ????? ?????? ????? ?????? ???? HL Frame ????????? ???????? ??????? ?? ??????? ???????? ???? ???? ???????? ????? ????? ???????."
1368,"?????? ????? ????? ??????? ??? ????? ??? ???????. ????? ??? ???????."
1369,"???? ????? ?????? ????????? ?? ????????? ??? ???? ????? ????? ????? ??? ????? ?????? ?? ?? ???? ???????. ????? ????? ???????? ????????? ????????? ????? ???????."
1370,"???? ????? ??? ??? ????? ?????????? ??? ????? ??????? ?? ????? ???? ?????? ????????. ???? ????? ????? ??? ????? ?? ?? ???? ???? ????? ????? ?? ???????."
1371,"???? ??? ??????? ???????? ?? ???? ?????? ????? ?????? ?????? ???? ???? ??????? ?? ?? ????? ???? ?????? ??????? ????????. ???? ????? ?????? ???? ?????? ?? ???????? ?????? ??????? ??? ????? ??????? ?? ??????? ?? ????????."
1372,"???? ??? ??????? ???????? ?? ???? ?????? ????? ?????? ?????. ???? ????? ?????? ?????? ???????? ????? ??????? ??? ????? ??????? ?? ??????? ?? ????????."
1373,"???? ????? ???? ?????? ?? ???????? ??? ????? ?????? ???? ?????? ???????? ??? ????? ?????? ???????. ???? ?? ??????? ?????????? ??????? ??????? ??????? ?? ?????????? ??? ???? ????? ????? ?????? ???????? ???? ????? ???????? ????? ????????."
1374,"????? ???????? ??? ??????? ??????? ???? ????? ?????? ??????????? ???????? ?????? ??? ?????? ?????? ?? ??????? ?? ???? ???????? ?? ???? ???????. ????? ?? ????? ??????? ???????? ?????? ???? ?????."
1375,"?????? ???????? ??? ??????? ??????? ???? ????? ?????? ??????????? ???????? ???????? ?????? ?????? ??? ?????? ?????? ?? ??????? ?? ???? ???????? ?? ???? ???????. ????? ??? ????? ??????? ???????? ?????? ???? ?????."
1376,"???? ?????? ??????? ?? ????? ???????? ????? ???? ?????? ?????? ?? ??? ?????? ????? ??? ?????? ?? ???? ???? ?????? ?? ?? ???? ????? ?????? ???? ? ???? ??????? ? ???? ????? ?????."
1377,"???? ??????? ???? ?????? ???????? ??????? ????????. ?????? ???? ?? ??????? ?? ???? ???? ???? ????????? Adventure Works Cycles? ??? ?? ????? ?????? ?? ?????????? ?????? ???????? ???????? ??? ??????? ????? ????? ???? ??????? ?????? ?? ???????."
1378,"???? ????? ????? ???? ????? ????????? ??? ????? ??? ????? ?????? ??????? ???????? ?? ????????. ??? ????? ??????? ???? ????? ??????? ?? ????? ??? ????? ??????? ?? ????? ?????? ?? ????? ????? ??????? ?????????."
1379,"?? ???? ??????? ?????? ??????? ?? ???? ????? ????? ?? ??? ????? ?? ??????? ???? ?????? ??? ???? ?? ???? ??????? ??????? ??????? ????? ????? ?????? ???? ?? ??? ????? ??? ???????. ?????? ??? ??????? ???????? ??? ??? ??????? ???????."
1380,"???? ???????? ????? ????? ??????? ?? ?????? ????? ???? ???????? ????? ?? ?????? ?????? ??? ?????? ???????."
1381,"?????? ??????? ????? ????? ?????? ??? ??????."
1382,"???? ????? ????? ?????? ???????? ?????????."
1383,"???? ????? ????? ?? ????? ?????????? ?????? ?????? ?? ??????? ???? ?? ????? ???? ?????? ??????."
1384,"???? ????? ???? ????? ????? ?? ??????."
1385,"?????? ??????? ??????? ??????? ?????? ??????????? ???????? ????? ??????? ???????."
1386,"??? ?????. ????? ??? ???? ????????? ?????? ???? ?? ??????."
1387,"????????? ??????? ?????? ??????? ??? ?????. ??? ?? ????? ??? ??????? ?????? ???? ????? ?????? ???????. ???? ?? ?????? ?????? ?? ?????? ??????? ??????? ??? ???? ????? ?????????. ???? ?????? ????? ?????????? ????? ??????? ??? ????? ??? ??? ?????."
1388,"???? ???? ?? ??? ???????."
1389,"???? ????? ??? ???? ??????."
1390,"???? ????? ???? ?????."
1391,"?????? ????? ??????? ????? ????? ????????? ???????? ??? ????? ??? ???? ?????."
1392,"????? ??? ?????? (???) ?????? ????? ???? ?????? ??????? ??? ???? ??????? ????? ????? ???? ?????? ????? ???? ?? ??? ??????? ??? ?????? ???????."
1393,"????? ???? ???????."
1394,"????? ??? ???? ??????? ????? ????? ???? ???."
1395,"???? ???? ????? ?????? ???????? ????? ??? ???? ????? ????? ?? ??????????."
1396,"???? ???? ????? ?????? ???????? ?? ??????? ????? ?????? ??? ?????? ??????."
1397,"???? ???? ??? ???? ???????? ????? ??? ?????? ??? ????? ?????? ?????????? ????????? ?? ???? ML ??????? ?? ??????????."
1398,"?? ???? ML ?? ???? ????? ?? ?????????? ?????? ??????? ????? ???? ?????? ????? ???? HL ????? ???. ??? ???? ????? ??????. ?????? ???????."
1399,"?? ???? ML ?? ???? ????? ?? ?????????? ?????? ??????? ????? ???? ?????? ????? ???? HL ????? ???. ??? ???? ????? ??????. ?????? ???????."
1400,"??? ?? ????? ?? ???? ?? ??? ??????? ?????? ?? ?????? ?????? Bothel ???? ??? ????? ???? ????? ??? ???? ?????? ???????? ????? ????? ????? ??????? ?? ?????? ?? ?????? ??????. ?????? ???? ?????????? ??????? ????????? ??????? ??????? ??? ??? ???? ???? ???????."
1401,"????? ???? ML ??? ?????? ????? ???? ????? ?? ??????? ???? ????? ??? ???? ??? ???? ???? ????? ?????? ??? ?? ??????? ?? ??? ????? ?????????? ???? ?? ????? ???? HL - ???? ??? ?? ???? ???????? - ????. ?????? ???????."
1402,"???? ???????? ????? ??????? ?? ?????? ?????? ???????? ?????????."
1403,"???? ???????? ????? ??????? ?? ?????? ????? ???? ????? ?????? ????? ?? ?????? ?????? ??? ?????? ???????."
1404,"???? ???????? ????? ??????? ?? ?????? ????? ??????."
1405,"???? ???? ?????? ????? ?????? ???????? ?????????."
1406,"????? ????? ????? ???? ????? ??? ???? ???? ???? ???????."
1407,"???? ???? ????? ????? ?? ??????."
1408,"???? ????? ??????????? ???????? ???????? ????????? ????? ????."
1409,"???? ????? ????? ????? ??????? ??? ????? ??????? ???? ???????."
1410,"????? ????? ???? ?? ????? ?????????? ?????? ??????? ??? ?????????."
1411,"???? ????? ???? ???? ????? ????? ?????? ?????????."
1412,"??? ???? ???? ?????? ???? ??? ???? ?????? ?? ??????."
1413,"???? ????? ?????? ????? ????? ?? ?????????? ?????? ?????? ????? ?? ???? ?????? ??????? ?????? ???? ???????."
1414,"???? ???? ????? ????? ?????? ????? ?? ???? ?????? ??????? ??? ????? ?? ????? ????????? ????? ??????????."
1415,"??? ???? ???? ???? ??????? ??? ?????? ?????????."
1416,"???? ????? ????? ?? ?????????? ???? ????? ????? ??? ????? ??????? ??????? ?????."
1417,"???? ?????? ??? ???????? ??? ?????? ??????? ?????? ???????? ????? ???? ??????? ?????? ???????? ????? ???????."
1418,"???? ???????? ????? ??????? ??????? ?? ??????."
1419,"???? ??? ?????? ??? ?????? ??????? ?????? ???????? ????? ???? ??????? ?????? 1 ???? ??? ???? ????? ????? ????? ????? ?????? ??????? ???? ????."
1420,"???? ????? ???? ???? ????? ??????? ??? ????? ???? ??? ???? ??????? ?????? ???????."
1421,"????? ????? ????? ????? ??????? ??? ????? ???? ??? ??? ???? ???????."
1422,"?????? ?? ??????? ???? ?? ????? ????? ?? ?????? ?????? ????? ??????."
1423,"??????? ??? ????? ???????? ?? ??????????."
1424,"?????? ????? ???????? ????? ?????."
1425,"??????? ?? ???? ???????? ???? ??? ???? ???????."
1426,"????? ????? ???????? ??????? ???? ?????."
1427,"????? ????? ??????? ?????? ????? ?????? ?? ?????????? ???????."
1429,"???? ????? ????? ?? ?????????? ?? ??? ????? ?? ????? ????? ?????."
1430,"???? ???????? ????? ????? ??????? ?? ?????? ???????? ?????????."
1431,"????? ??????? ???????."
1432,"????? ?????? ?? ???? ?????? ??????? ?????? ????? ????? ???? ?????. ??? ???? ??????."
1433,"???? ???? ????? ?? ??? ????."
1434,"????? ?????? ???? ???????."
1435,"???? ???? ???? ????? ????? ?? ???? ??????. ???."
1436,"???? ???????? ???? ???? ?????? ?? ???? ?????."
1437,"????? ???? ?????? ????? ??? ??????? ?????? ?????."
1438,"???? ????? ?? ?????? ?????? ???? ?? ?????? ????? ???????."
1439,"??? ?? ????? ???? ????????? ???? ???? ????? ????? ????? ?????."
1440,"??? ?? ?????? ???? ???? ???????."
1441,"??? ?? ?????? ????? ???? ???? ?????."
1442,"????? ??????? ?????? ???? ???? ???? ???????? ???????? ?????? ?????? ????? ???? ????? ???? ????? ????? ??? ?????."
1443,"???? ???? ????? ?? ???????? ??????."
1444,"????? ???? ???? ????? ?????? ?????? ?????? ?? ???? ????? ??????."
1445,"???? ???? ???????."
1446,"?????? ????? ?????."
1447,"?????? ??????? ????? ???? ???????."
1448,"?????? ?????? ???????."
1449,"???? ?????? LL Frame ????? ???? ??????? ?? ????? ??????? ????? ??????? ??????? ?? ???? ?? ?????????? ??? ????? ??????? ?????????."
1450,"????? ???? ML ??? ?????? ????? ????? ????? ?? ??????? ???? ????? ??? ???? ??? ???? ???? ????? ?????? ??? ?? ??????? ?? ??? ????? ?????????? ???? ?? ????? ???? HL - ???? ??? ?? ???? ???????? - ????. ?????? ???????."
1451,"??? ?? ????? ???? ??????? ?????????? ????? ????? ??????? ????? ?? ???? ??????? ????????? ??? ????? ???????? ??????? ?????? ????. ????? ??????? ???????? ???? ????? ?????? ???????."
1452,"???? ???? ?????????? ???? ??????? ???? ????? ??? ????? ???? ???????? ????? ?????? ?????? ?? ????? ??????. ???? ??????? ????????? ???? ????? ??????."
1453,"??? ?? ????? ??? ???? HL ??????? ?? ?????????? ?????? ?? ?? ???? ????? ??????? ??? ?? ??????? ?????? ???? ?????? ??????? ???????. ?????? ???????."
1454,"????? ??? ??? ????? ??????? ???? ??? ?????? ?????? 3 ??????? AAA."
1455,"???? ???? ?? ?????????? ??? ?? ????? ?? ?????? ?????? ??????? ?? ??????? ??? ????? ?? ??????? ??? ???????? ???????."
1456,"????? ???? ???? ???? AWC ?????? 840 ?????? ?? ??????? ??? ????? ??????."
1457,"???? 4 ?????? ???? ???? ?? ???? ???????? ?????? ???? ????? ?????? 2 ????."
1458,"????? ????? ?????? ????? ???? ???????? ??????? ??????? ?? ??????."
1459,"?????? ?? ?????? ??????? ???????? ??? ?????? ??????? ????? ?????? ??????."
1460,"????? ?????? ?????? ??????. ????? ??? ?????. ?????? ?? ??????????. ????? ??? ?? ?????? ???????."
1461,"????? ????? AWC ?? ????? ?????? ????? ?? ???????? ???? ?????? ??????? ???????."
1462,"?????? ????? ????? ?????? ????? ????? ???? ?????? ????? ??????. ????? ????? ????? ?????? ???? ????? ???????."
1463,"???? ?? ?? ???? ?????? ????? ????? ?????? ????? ??? ????? ????? ??? ???? ????? ???? ??????."
1464,"???? ?? ???? ?? ??????? ?????? ????? ????? ?????? ????? ???? ????? ??????. ?????? ????? ?????? ???? AWC."
1465,"????? ????? ?????? ?????? ?????????? ????? ??? ????? ?????? ???? ????? ?? ??????? ?????? ?? ???? ??????? ?????? ?????? ???? ???????? ?????? ??????."
1466,"???? 8 ??? ??? ?????? ?????? ????? ????? ?????? ???? ?????."
1467,"??? ????? ?????? ??????? ?????? ????? ??? ?????."
1468,"????? ???? ????? ??? ?????? ?????? ?? ???? ??????? ???? ???? ??? ??????? ???????."
1469,"???? ????? ????? ????? ??????? ????? ????? ?????? ???????. ????? ????? ????? ??????? ???????."
1470,"????? ????? ????? ??????? ???? ?????? ?????."
1471,"????? ????? ??? ???? ?????? ??????."
1472,"???? ???? ???? ??????? ??????? ???? ????? ?????? ????? ?? ???? ???? ?? ???????? ???? ????? ????? ?????? ?????? ???? ?????."
1473,"????? ?????? ?????. ??? ??? ??????? ????? ?? ???? ???????."
1474,"????? ?????? ????? ?????? ?????? ??? ????? ??? ?????."
1475,"???? ???? ?? ?????????? ????? ??????? ?????? ????? ??????? ??? ??????? ??????."
1476,"??? ?????? ?? ???? ????? ???????? ?????? ???? ???? ????? ??????."
1477,"???? ???? ???? ??????? ?????? ????? ??????? ????? ?? ???????????? ???? ???? AWC."
1478,"?????? ???? ???? ????? ???????? ?????? ????? ????? ??? ?? ????? ???? ?????? ???????? ????????."
1479,"???? ??? ????? ?????? ??????? ???????????? ??? 1.960 ???????? ????? ????? ????? ??????? ???????? ????? ????? ?? ???? ???."
1480,"????? ???????? ??????? ???????? ?? ?????????? ??????? ??????? ?? ??? ??????? ?? ?????? ??????? ?????????? ??? ?????? ?? ????? ?????."
1481,"?????? ????? ???? ????? ??????? ?????? ?????? ???????? ??? ???? ???? ??????. ????? ???? ??? ????."
1482,"????? ????? ???????? ??????? ???????? ????? ?????? ????????."
1484,"Acier chrom?."
1485,"Cuvettes en alliage d'aluminium?; axe de grand diam?tre."
1486,"Cuvettes en alliage d'aluminium et axe creux."
1487,"Adapt? ? tous les usages, sur route ou tout-terrain. Pour toutes les bourses. Changement de braquet en douceur et conduite confortable."
1488,"Ce v?lo offre un excellent rapport qualit?-prix. Vif et facile ? man?uvrer, il se conduit en toute tranquillit? sur les chemins et les sentiers."
1489,"Pour les v?ritables passionn?s du VTT. Un v?lo extr?mement robuste qui vous permettra d'aller partout, m?me sur les terrains difficiles, pour un budget raisonnable."
1490,"Conduite sur terrains tr?s accident?s. Id?al pour tous les niveaux de comp?tition. Utilise le m?me cadre HL que le Montain-100."
1491,"VTT de comp?tition haut de gamme. Plusieurs options d'am?lioration des performances?: cadre HL, suspension avant particuli?rement souple et traction adapt?e ? tous les terrains."
1492,"Adapt? ? tous les terrains. Pour toutes les bourses."
1493,"V?lo d'adulte d'entr?e de gamme?; permet une conduite confortable en ville ou sur les chemins de campagne. Moyeux et rayons ? blocage rapide."
1494,"V?lo tr?s s?duisant comportant de nombreuses caract?ristiques des mod?les haut de gamme. B?n?ficie du cadre l?ger et rigide, mais aussi de la ligne performante qui ont fait notre r?putation."
1495,"?quip? de la m?me technologie que tous nos v?los de route, avec un cadre femmes. Id?al pour la promenade ou la course sur route."
1496,"?quip? de la m?me technologie que tous nos v?los de route. Id?al pour la promenade ou la course sur route."
1497,"Un v?ritable v?lo multi-sports, qui offre une conduite optimis?e et une ligne r?volutionnaire. Sa ligne a?rodynamique vous permet de l'utiliser en course et ses vitesses de gravir les cols."
1498,"VTT, course ou promenade entre amis sur un v?lo a?rodynamique et l?ger. B?n?ficie d'un syst?me de selle perfectionn? qui offre un confort optimal."
1499,"Tout terrain, course ou promenade entre amis sur un v?lo a?rodynamique et l?ger (cadre femmes). B?n?ficie d'un syst?me de selle perfectionn? qui offre un confort optimal."
1500,"Cadre en alliage d'aluminium qui offre une conduite l?g?re et rapide, sur pistes ou sur routes de campagne."
1501,"Ce v?lo est destin? aux champions cyclistes. Mis au point par une ?quipe cycliste professionnelle, ce v?lo poss?de un cadre en aluminium trait? ? chaud extr?mement l?ger et un guidon qui permet une conduite tr?s pr?cise."
1502,"V?lo de qualit? pour tous usages, dot? d'un bon niveau de confort et de s?curit?. Pr?sente des pneus plus larges et plus stables pour les sorties en ville ou les randonn?es du week-end."
1503,"La selle rembourr?e offre un confort optimal. Le porte-bagages nouvellement remani? offre diverses possibilit?s d'ajout de paniers ou de sacoches. Ce v?lo reste parfaitement stable une fois charg?."
1504,"Voyagez confortablement et avec ?l?gance. Confort et s?curit? maximum. Large ?ventail de vitesses pour gravir toutes les c?tes. Sa fabrication en alliage d'aluminium haute technologie est synonyme de robustesse, sans ajout de poids."
1505,"Syst?me de changement de vitesse tr?s performant."
1506,"Axe tr?s rigide."
1507,"Manivelle haute r?sistance."
1508,"P?dalier triple plateaux?; manivelle en aluminium?; changement de braquet impeccable."
1509,"Patins de freinage pour tous les temps?; freinage renforc? par l'application d'une plus grande surface sur la jante."
1510,"Conception liaison large."
1511,"Conception robuste permettant d'absorber les chocs et d'offrir une conduite plus pr?cise."
1512,"Fourche composite pour route avec tube de direction en aluminium."
1513,"Fourche pour route en carbone hautes performances avec bras incurv?s."
1514,"Utilise la m?me technologie de cadre que celle adopt?e sur le cadre en aluminium ML."
1515,"Le cadre ML est un cadre en aluminium trait? ? chaud fabriqu? avec le m?me niveau de d?tail et de qualit? que notre cadre HL. Il offre des performances exceptionnelles. Version hommes."
1516,"Le cadre ML est un cadre en aluminium trait? ? chaud fabriqu? avec le m?me niveau de d?tail et de qualit? que notre cadre HL. Il offre des performances exceptionnelles. Version femmes."
1517,"Dot? du m?me alliage en aluminium que notre cadre HL haut de gamme, le ML poss?de un tube l?ger dont le diam?tre est pr?vu pour offrir une r?sistance optimale. Version femmes."
1518,"Roue de secours tout-terrain pour v?t?tiste occasionnel."
1519,"Roue de secours tout-terrain pour v?t?tiste amateur ? confirm?."
1520,"Roue de secours tout-terrain hautes performances."
1521,"Roue avant pour v?lo de route pour cycliste occasionnel."
1522,"Alliage robuste avec moyeu ? blocage rapide."
1523,"Roue solide avec jante double paroi."
1524,"Jantes a?rodynamiques pour conduite en souplesse."
1525,"Barre d'appui tous usages pour conduite sur route ou tout-terrain."
1526,"Barres d'appui en alliage d'aluminium solide pour descente."
1527,"Barre d'appui plate suffisamment solide pour le circuit professionnel."
1528,"Forme tr?s r?ussie destin?e ? faciliter l'acc?s aux leviers."
1529,"Barre d'appui avec tube en aluminium ergonomique pour r?pondre aux besoins de tous les cyclistes."
1530,"Con?u pour la comp?tition?; barre d'appui ergonomique haut de gamme en alliage d'aluminium."
1531,"Forme tr?s r?ussie destin?e ? diminuer la fatigue des cyclistes occasionnels."
1532,"Barre d'appui en aluminium l?g?re et solide pour les longues randonn?es."
1533,"Jeu de direction de qualit? sans filetage ? un prix abordable."
1534,"Bo?tier de protection herm?tique."
1535,"Jeu de direction sans filetage 2,54?cm de grande qualit? avec un dispositif de lubrification rapide."
1536,"Plate-forme allong?e permettant de rouler avec tous types de chaussures?; id?al pour la randonn?e."
1537,"P?dales automatiques l?g?res et robustes avec tension r?glable."
1538,"Acier inoxydable?; facile ? nettoyer."
1539,"P?dales automatiques?- aluminium."
1540,"Fabrication en alliage d'aluminium l?ger."
1541,"P?dales automatiques haut de gamme avec tension r?glable."
1542,"P?dale stable pour longs trajets."
1543,"Bouchon de remplissage?; ?triers en aluminium poli."
1544,"D?railleur en aluminium 10?vitesses avec supports de galet herm?tiques."
1545,"Roue de secours tout-terrain arri?re pour v?t?tiste occasionnel."
1546,"Roue de secours tout-terrain arri?re pour v?t?tiste amateur ? confirm?."
1547,"Jantes tr?s robustes, solidit? garantie."
1548,"Roue de secours arri?re pour cycliste occasionnel."
1549,"Jante en alliage d'aluminium avec rayons en acier inoxydable?; pour une vitesse optimale."
1550,"Roue arri?re solide avec jante doubl?e."
1551,"Excellentes jantes a?rodynamiques pour une conduite en souplesse."
1552,"Cuir synth?tique. Confort am?lior? gr?ce au couvre-selle en gel."
1553,"Con?u pour absorber les chocs."
1554,"Conception ergonomique pour randonn?e longue distance confortable. Cuir de qualit?."
1555,"Selle l?g?re avec renfort en mousse."
1556,"Amortisseurs en caoutchouc pour absorber les bosses."
1557,"Selle de course l?g?re en Kevlar. Cuir."
1558,"Selle confortable et ergonomique profil?e avec couvre-selle en gel."
1559,"Nouvelle conception pour ?viter la fatigue lors des longues randonn?es."
1560,"Cadre profil? pour am?liorer le confort."
1561,"Traction comparable aux mod?les haut de gamme, gomme de pneu moins ch?re."
1562,"Grande traction, caoutchouc haute densit?."
1563,"Traction exceptionnelle?; carbone l?ger renforc?."
1564,"M?me dessin que les pneus plus chers, mais dot? d'une gomme moins ch?re."
1565,"Caoutchouc plus dense que sur les autres mod?les."
1566,"Carbone l?ger renforc? pour un confort de conduite in?gal?, sans ajout de poids."
1567,"Caoutchouc haute densit?."
1568,"Tube ? autovulcanisation."
1569,"Tube classique tous usages."
1570,"Tube ? usage g?n?rique."
1571,"Le cadre LL en aluminium offre une conduite confortable, une excellente absorption des bosses pour un tr?s bon rapport qualit?-prix."
1572,"Dot? du m?me alliage en aluminium que notre cadre HL haut de gamme, le ML poss?de un tube l?ger dont le diam?tre est pr?vu pour offrir une r?sistance optimale. Version hommes."
1573,"Notre cadre en aluminium plus l?ger et de qualit? sup?rieure fabriqu? ? partir du tout dernier alliage?; cadre soud? et trait? ? chaud pour une meilleure r?sistance. Le r?sultat d'une conception innovante pour un confort et des performances maximum."
1574,"Cadre renforc? l?ger pour une position plus droite?; id?al pour les promenades en ville. Ligne remarquable pour un confort optimal."
1575,"Le cadre HL est profil? afin d'associer ?l?gance et robustesse?; il est pr?vu pour r?sister ? une utilisation quotidienne intensive. Version hommes."
1576,"?clairage peu on?reux pour la conduite de nuit?- utilise 3 piles?AAA."
1577,"Le porte-bidon en aluminium est plus l?ger que la version VTT?; id?al pour les longues randonn?es."
1578,"Bidon d'eau avec le logo de l'?quipe AWC?- capacit? 0,75?litre, enti?rement ?tanche."
1579,"Porte-v?lo s?curis? pour 4?v?los?; fabrication en acier?; adaptable sur attache-remorque."
1580,"Garde-boue adapt? ? la plupart des VTT."
1581,"Combinaison de fibres naturelles et synth?tiques?; reste s?che et offre le confort n?cessaire."
1582,"Tr?s pratique. Tient dans la poche. Corps en aluminium. 11,2?bars."
1583,"Con?u pour l'?quipe professionnelle AWC, ? bretelles, contr?le de l'humidit?, peau de chamois et bande anti-remont?e."
1584,"Fabrication en nylon r?sistant ?tanche d'acc?s facile. Suffisamment grand pour les randonn?es du week-end."
1585,"Enti?rement rembourr?, am?lioration de la souplesse de mouvement des doigts, paume renforc?e, fermeture r?glable."
1586,"Paume synth?tique, poignets souples, ouverture maill?e anti-transpiration. Adopt? par les professionnels de l'?quipe AWC."
1587,"Cuissards r?sistants ? l'usure pour utilisation intensive, doubl?s ? l'int?rieur en Spandex, sans couture, peau de chamois anti-bact?rie pour un meilleur confort."
1588,"Comprend 8?rustines de tailles diff?rentes, de la colle et du papier de verre."
1589,"Sacs l?gers et r?sistants au vent?; tiennent dans la poche."
1590,"Cuissards de course pour hommes?- en Spandex avec un ?lastique ? la ceinture et bande anti-remont?e."
1591,"Support de type home trainer id?al pour vous entra?ner en int?rieur (pour tous les mod?les de v?lo). Fixations rapides, fabrication en acier."
1592,"Feu avant rechargeable ? deux faisceaux."
1593,"Feu avant robuste."
1594,"Maillot manches courtes classique et anti-transpiration avec contr?le de l'humidit?, fermeture avant ? glissi?re et 3?poches arri?re."
1595,"Simple et l?ger. Rustines de secours rang?es dans la poign?e."
1596,"Fin, l?ger et r?sistant avec des poignets qui restent en place."
1597,"Porte-bidon en aluminium robuste qui maintient le bidon sur les terrains accident?s."
1598,"Style classique avec une visi?re relevable?; taille unique."
1599,"Maillot de cycliste en microfibre avec le logo de l'?quipe AWV, manches longues, unisexe."
1600,"L?g?re, a?r?e, taille unique, avec une visi?re amovible."
1601,"Sac d'hydratation de 3?l polyvalent. Permet de stocker des aliments suppl?mentaires. Facile d'acc?s et fourni avec une ceinture."
1602,"Collants chauds en Spandex pour l'hiver?; fabrication en chamoisine sans couture pour ?liminer les points de frottement."
1603,"Nettoie les salet?s?; dissout la graisse. Prot?ge l'environnement. Bouteille d'1?litre."
1604,"S'enroule pour s'adapter aux pneus avant et arri?re, sac et deux cl?s fournis."
1605,"Chaque cadre est fabriqu? artisanalement dans notre atelier de Bordeaux afin d'obtenir le diam?tre et l'?paisseur adapt?s ? un v?lo tout-terrain de premier choix. Le cadre en aluminium soud? ? chaud pr?sente un tube d'un plus grand diam?tre, afin d'absorb"
1606,"???????????"
1607,"????????????????????? ???????????????"
1608,"????????????????????????????????"
1609,"?????????????????????????? ????????????????????? ????????????? ????????????????????????? ????????????????????????"
1610,"?????????????????????????????? ????????????? ?????????? ????? ????????????????????????????????????????????????????"
1611,"???????????????????????????? ????????????????????????????? ????????????????????? ????????????????????????????????????????????? ????????????????????????"
1612,"??????????????????????????? ??????????????????????????????????? ??????? HL ?????????????????? Mountain-100"
1613,"?????????????????????????????????? ??????????????????????????????????????????????? ???? ???? HL ???????????? ?????????????????????????????????????????? ??????????????????????????????"
1614,"???????????????????????????????? ?????????????"
1615,"????????????????????????????????? ?????????????????????????????????????????????????????? ???????????????????????"
1616,"???????????????????????? ?????????????????????????????????????????? ??????????????? ????? ??????????????????????????????????????"
1617,"???????????????????????????? Road ??????? ????????????????????????????????????? ??????????????????????????????? ???????????????????????????????????????"
1618,"???????????????????????????? Road ??????? ??????????????????????????????? ???????????????????????????????????????"
1619,"??????????????????????????????????????????????????? ???????????????????????? ???????????????????? ?????????????????????????????? ???????????????????????????????????????????????????????????"
1620,"???????? ??????? ???????????????????????????????????????????????? ????????????????????????????????????????????????????????????????????"
1621,"???????? ??????? ???????????????????????????????????????????????? ???????????????????????????????????????? ????????????????????????????????????????????????????????????????????"
1622,"?????????????????????? ?????????????????? ?????? ????????????????????????????? ???????????????????????????????????"
1623,"???????????????????????????????????? ???????????????????????? Adventure Works Cycles ????????????????????????????????????????????? ?????????????????????"
1624,"????????????????????????? ?????????????????????????????????? ?????????????? ????????????????????????????????????????????????????????????"
1625,"?????????????????????????????????????????????????? ???????????????? ???????????????????????????????????????? ????????????????? ???????????????"
1626,"??????????????????????????????? ????????????????????????????????????????????????? ??????????????? ????????????????????? ????????????????????????????????????????????? ???????????????????????????"
1627,"???????????????????????????????????????"
1628,"???????????????"
1629,"?????????????????????????"
1630,"???????????????? ??????????????????? ????????????????????????????????"
1631,"????????????????????????? ????????????????????? ??????????????????????????????"
1632,"????????????????????????????"
1633,"?????????????????? ????????????????????????????????????"
1634,"????????????????? ???????????????????????????"
1635,"??????????????????????????????? ???????????"
1636,"????????????????????????????????????????????????????????????????????? ML"
1637,"???? ML ?????????????????????????????? ??????????????????????????????????? HL ?????????????????????????? ????????????????????????"
1638,"???? ML ?????????????????????????????? ??????????????????????????????????? HL ?????????????????????????? ???????????????????????"
1639,"???????????????????????????????????????? Bothell ??????????????????????????????????????????????????????????????????? ?????????????????????????????? ?????????????????????????????????????"
1640,"?????????????????????????????????????????????? HL ???? ML ??????????????? ??????????????????????????????????????????? ???????????????????????"
1641,"???????????????????????????????????????????????"
1642,"??????????????????????????????????????????????????????????"
1643,"???????????????????????????????????"
1644,"???????????????????????????????????????????????????"
1645,"?????????????????????? ??????????????????"
1646,"?????????????????????????????????????"
1647,"????????????????????????????????????????????"
1648,"????????????????????????????????????"
1649,"??????????????????????????? ????????????????????????"
1650,"???????????? ??????????????????????????????"
1651,"??????????????????????? ??????????????????????????"
1652,"??????????????????????????????????????? ???????????????????????"
1653,"??????????????????? ????????????????????????????????????????????? ???????????????????????"
1654,"??????????????????????????????????????????????????????????????"
1655,"???????????????????????????? ??? ????????????????????????"
1656,"??????????????????????????? ??????????????????????"
1657,"?????????????????????????????"
1658,"???????????????????????????????????? ???? 1 ????????????????????????????????????????????????"
1659,"?????????????? ????????????????????????????????????? ???????????????????????????????"
1660,"???????????????? ????? ????????? ???????????????????????"
1661,"??????????? ????????????????????????????????????"
1662,"??????????????? - ??????????"
1663,"?????????????????????????????????????"
1664,"????????????????? ????????? ??????????????"
1665,"??????????????? ???????????????????????"
1666,"?????????????????????????????? ??????????????????????????????"
1667,"?????????????????? 10 ?????????????????????????????????"
1668,"???????????????????????????????????????????????????"
1669,"????????????????????????????????????????????????????????????"
1670,"?????????????????????????????????????????????????????"
1671,"???????????????????????????????????????"
1672,"??????????????????????????????????????? ?????????????????"
1673,"?????????????????????????????????????????"
1674,"??????????????????????????????????????????"
1675,"?????????????? ?????????????????????????"
1676,"???????????????????????????????????"
1677,"??????????????????????? ??????????????????????????????????? ?????????????????"
1678,"????????????????????????"
1679,"????????????????????"
1680,"????????????????????????? ?????????? ?????????"
1681,"???????????????? ???????? ?????????????????????????"
1682,"????????????????????????????????????????????????"
1683,"????????????????????????????????????"
1684,"?????????????????????????????????? ?????????????????????????"
1685,"?????????????????????? ?????????????????????"
1686,"????????????????? ??????????????????????"
1687,"??????????????????????????????????? ????????????????????????????"
1688,"?????????????????????????????????"
1689,"?????????????????????? ??????????????????????????? ?????????????????????????????"
1690,"?????????????????"
1691,"????????????????????"
1692,"??????????????????????"
1693,"?????????????????????????"
1694,"???? LL ?????????????????????????????? ???????????????????????? ????????????????????????????"
1695,"?????????????????????????????????????????????? HL ???? ML ??????????????? ????????????????????????????????? ????????????????????????"
1696,"????????????????????????????????????????????? ???????????????????????? ????????????????????????????????????????? ????????????????????? ??????????????????????????????????????????????"
1697,"???????????????????????? ????????????????????????????? ?????????????? ???????????????????????????????????"
1698,"?????????????? HL ????????????????????????????? ?????????????????????????????? ????????????????????????????????????? ????????????????????????"
1699,"??????????????????????????????????????????????? - ???????????? AAA 3 ????"
1700,"??????????????????????????????????????? ????????????????????????????"
1701,"?????????????? AWC - ????? 30 ????? ??????????????????????"
1702,"??????????????? 4 ??????????????? ?????????????????????? ?????????????????? 2 ????"
1703,"????????????????????? ?????????????????????????"
1704,"????????????????????????????????????????? ?????????????????????????????????"
1705,"???????????????????? ???????????? ?????????????? ???????????????? ???? 160psi"
1706,"???????????????????????? AWC ??????????? ????????????????? ????????? ???????????"
1707,"????? ???????????????? ?????????? ????????????????????????????????????????????"
1708,"????????????? ??????????????????????? ??????????????? ?????????????"
1709,"???????????????????? ??????????????? ????????????????????????????? ??????????????????????????????? AWC"
1710,"???????????? ???????????? ?????????????????????????????? ???????????????????????????????? ???????"
1711,"??????????????????? 8 ???? ??? ?????????????"
1712,"?????????? ????? ???????????????????????"
1713,"?????????? 8 ???????????????????? - ??????????????????????????????????????"
1714,"????????????????????????????????????????????????????????? ??????????????? ?????????????????????"
1715,"??????????????????????????"
1716,"?????????????? ??????"
1717,"?????????????????????? ??????????????? ?????????????? ??????? ???????????????? 3 ??"
1718,"????????? ?????????? ?????????????????????????????????"
1719,"??? ?????????? ???????? ??????????????????????"
1720,"??????????????????????? ?????????????????????????????"
1721,"??????????? ??????????? ??????????????"
1722,"????????????????????????? AWC"
1723,"????????????????? ??????????????? ??????????"
1724,"???????? 70 ????? ????????????????????? ???????? ??????????????"
1725,"???????????????????????????????????????????????? ????????????????????????????????"
1726,"?????????????????????????????? ??????????? ??????????????????????????????? ???????? 1 ????"
1727,"?????????????????????????????????? ?????????????????????????"
1728,"???? ??????? (????-??????????)"
1729,"??????? ??????? ?????????; ??? ???-????."
1730,"??????? ??????? ????????? ???? ????."
1731,"??????? ??? ??? ?????, ?????? ?????? ???????? ????. ??????? ??? ?????. ????? ??????? ???? ??? ?? ????? ????."
1732,"??????? ??? ?????? ??? ??????? ????? ????? ????. ?? ????? ????? ?????? ??????? "??? ???" ??????? ???? ????????."
1733,"??????? ??????? ?????? ??? ?? ???. ??????? ?????? ?????? ????? ????? ??? ??? ???? ???? ???? ?? ?????? ???? ????? ? ??? ????? ???? ??????."
1734,"?????? ?????? ?????? ??????. ??????? ??? ??? ?? ?????. ???????? ??? ???? ????? ?- HL Frame (????? HL) ??? ??? ?????? ???? Mountain-100 (100-????)"
1735,"????? ???? ???????? ?????? ???????. ???????? ?????? ??????? ??????? HL Frame (????? (HL, ????? ???? ??? ?????? ?????? ???? ??????? ??? ???? ????."
1736,"??????? ??? ??? ????? ???????. ??????? ??? ?????."
1737,"????? ??????? ????????; ?????? ????? ???? "???? ????" ?? ????? ?????. ?????? ???????? ?????? ????."
1738,"??????? ??????? ????? ????? ?????? ????? ???? ??????? ???? ??? ?????? ????. ????????? ?????? ?????? ????? ?????? ?????? ???? ??? ????????."
1739,"????????? ??? ??? ????? ?????? ???? "????" ????, ???? ?????? ????? ?????? ?????. ??????? ???????? ??? ???? ????? ?????????."
1740,"????????? ??? ??? ?????? ?????? ???? "????" ????. ??????? ???????? ??? ???? ????? ?????????."
1741,"??????? ????? ??????? ????? ????? ?????? ??????? ????? ???? ?????? ??????. ????? ??????????? ????? ????? ?? ???????? ??????? ????? ??????? ?????? ?? ?? ??? ?????."
1742,"????? ?????, ????? ?? ??? ????? ????? ?? ??????? ??????? ??????????????. ????????? ?????? ?? ????? ????? ????? ????? ?? ????."
1743,"????? ?????, ????? ?? ??? ????? ????? ?? ??????? ???? ????? ????? ???????????? ?????. ????????? ?????? ?? ????? ????? ????? ????? ?? ????."
1744,"????? ??????? ????????? ????? ????? ??? ??????, ??? ?? ?????? ?????? ???? ?? ?????? ?????? ??????? ?????? ??????."
1745,"??????? ??? ?????? ?? ????? ????????. ????????, ?????? ??? ?? ???? ??????? ?? Adventure Works Cycles (????? ?????), ?? ????? ????????? ??? ????? ??????? ???? ?????? ?????? ????? ??????."
1747,"????? ????? ??? ???? ?? ?????? ?????? ???????? ???????? ????. ?????? ?????? ????? ??????? ???? ?????? ????? ???? ?? ?????? ???????."
1748,"????? ?????? ??????? ????? ????? ????? ????? ???? ???? ????? ???? ?? ?????? ???? ???? ????? ??????? ????? ????? ????. ??????? ??? ?????? ?? ?????? ?? ????? ???."
1749,"????? ??????? ?????. ????? ?????? ???? ?????? ????????. ???? ??? ?? ?????? ??????? ????? ?????? ?? ?? ????????. ???? ?????? ????????? ???? ??? ???? ?????? ??? ????? ????."
1750,"?????? ?????? ?????? ???????."
1751,"??? ???? ??????."
1752,"???? ?????? ????? ?????."
1753,"???? ?????? ??????, ???? ?????? ??????????, ????? ??????? ?????."
1754,"?????? ????? ???????? ??? ??? ?????; ?????? ????? ????? ??-??? ???? ???? ??? ??????."
1755,"????? ???-??????."
1756,"????? ??? ???? ??????? ????? ????? ????? ????."
1757,"???? ???? ????? ?? ????? ???? ????? ??????????."
1758,"???? ???? ????? ?? ?????? ????? ???????? ??????."
1759,"?????? ????? ????? ???? ?????? ?????????? ????? ?????? ??? ??? ?????? ?????? ML ??????????."
1760,"????? ?- ML ??? ????? ????????? ????? ???? ??????? ????? ????? ?????? ??? ?????? HL ????. ??? ????? ??????? ??????. ????? ??????."
1761,"????? ?- ML ??? ????? ????????? ????? ???? ??????? ????? ????? ?????? ??? ?????? HL ????. ??? ????? ??????? ??????. ????? ?????."
1763,"????? ????? ???? ?????? ????? ????? ? ????? ??????? ????? AAA"
1764,"???? ?????????? ?? ???? ???? ?????? ?????? ????; ????? ???? ????? ??????? ??????."
1765,"????? ??? ?????? AWC ? ???? 850 ???; ???? ???? ?????."
1766,"???? 4 ????? ??????? ?????; ???? ????; ????? ????? ???? ?? 2 ????'."
1767,"?????? ??????? ???????? ???? ??????? ?????? ?????."
1768,"?? ????? ?????? ????? ????? ???? ?- Bothell, ????? ????? ????? ????? ??????????? ??????? ?????? ????? ????? ?????? ?????. ?????? ?????????? ??????? ??????? ????, ?? ????? ????? ???? ???? ????? ?? ??????."
1770,"????? ?- ML, ?????? ?????? ????????? ??? ??? ?????? ????? ????? HL ???? ?????? ????, ???????? ???? ?????? ??? ???? ?????? ????? ?????? ????? ????? ????????. ????? ?????."
1771,"???? ????? ?????? ????? ????? ??????."
1772,"???? ????? ?????? ????? ????? ????? ???????."
1773,"???? ????? ???? ??????? ?????? ?????."
1774,"???? ????? ???? ?????? ???? ????? ??????."
1775,"?????? ????? ??????? ?? ?????? ?????? ????? ?? ???? ?????."
1776,"???? ??? ?? ????? ??? ????? ?????."
1777,"??????? ????????????? ?????? ????."
1778,"????? ??? ???? ?????? ???? ????????."
1779,"????? ?????? ??????? ????????? ?????? ?????."
1780,"???? ????? ????? ????? ???? ????? ???????."
1781,"???? ??????? ????? ???? ??? ???? ?????? ????????."
1782,"????? ????????? ????? ??????? ????? ??????? ?????? ??? ????."
1783,"????? ?????? ???????; ???? ??????? ??????? ????? ??????? ??????? ?????????."
1784,"???? ??????? ??????? ??????? ????? ??????."
1785,"???? ????????? ??? ?? ?? ??? ????? ?????? ??????? ??????."
1786,"???? ????? ????? ????? ????? ????? ??????."
1787,"???? ????? ????? ???? ?????."
1788,"???? ????? ????? ????? 1 ????' ?? ??? ???? ????? ?????."
1789,"???? ?????? ????? ?????? ?????? ??? ???? ??????; ????? ?????? ??? ????."
1790,"????? ????? ????? ????? ?? ???? ???????."
1791,"???? ??-???; ????? ????? ??? ?????."
1792,"?????? ??? ????? ? ?????????."
1793,"???? ?????? ????????? ?? ????."
1794,"?????? ?????? ????? ?????? ??????? ?? ???? ???????."
1795,"????? ????? ??????? ?????? ????? ?? ????."
1796,"?????? ?????? ????; ????? ?????????? ?????."
1797,"???? ????????? ?- 10 ???????? ?? ????? ????? ?????."
1799,"???? ????? ????? ?????? ????? ????? ??????."
1800,"???? ????? ????? ?????? ????? ????? ????? ???????."
1801,"??????? ????? ?????? ???????? ??????."
1802,"???? ????? ????? ????? ??????."
1803,"????? ??????? ????????? ?? ??????? ????? ??-???; ?????? ???????."
1804,"???? ????? ??? ?? ????? ??? ????? ?????."
1805,"??????? ????????????? ??????? ??????? ????? ????."
1806,"??? ???????. ??????? ??'? ?????? ??????."
1807,"????? ?????? ???????."
1808,"????? ?????? ?????? ???? ????? ?? ????. ??? ????."
1809,"???? ??-???? ????? ????."
1810,"????? ???? ??????? ?????."
1811,"???? Kevlar ??-???? ???????. ???."
1812,"???? ?'? ??? ??? ????? ????????."
1813,"????? ??? ????? ??? ??????? ??????."
1814,"????? ????? ?????? ???? ????."
1815,"????? ???? ???? ????? ?????? ?????????, ????? ???? ???? ???? ????."
1816,"????? ???? ?????, ???? ??????? ?????."
1817,"????? ???? ??? ????; ????? ??-???? ?????."
1818,"????? ???? ???? ???? ??????? ??????? ????? ????, ???? ?? ????? ???? ???? ???? ????."
1819,"???? ??????? ????? ???? ???? ????? ?????."
1820,"??-???? ????? ????? ?????? ???? ???? ?????? ??? ?????."
1821,"???? ??????? ?????."
1822,"?????? ?? ????? ?????."
1823,"?????? ???????????? ??? ????."
1824,"?????? ?????? ??????."
1825,"????? ?- LL ????? ????? ????? ????? ??? ???, ????? ????? ????? ????? ?? ????? ????????? ????? ????."
1826,"????? ?- ML, ?????? ?????? ????????? ??? ??? ?????? ????? ????? HL ???? ?????? ????, ???????? ???? ?????? ??? ???? ?????? ????? ?????? ????? ????? ????????. ????? ??????."
1827,"????? ?????????? ???? ????????? ????? ???? ????? ???????? ?????? ?????; ?????? ????, ??? ?????? ??????? ????. ?????? ?????? ???? ?? ???? ????? ?????? ????????? ??????."
1828,"????? ??? ???? ?????????? ???? ????? ????? ????? ????? ???? ??????? ???? ????. ?????? ?????? ???? ???? ????? ?????."
1829,"????? ?- HL ?????????? ?????? ?????? ?? ????? ??? ??? ?????; ??? ????? ??????? ???????? ????? ?? ????? ????????. ????? ??????."
1830,"????? ?? ????? ?????? ????????? ???? ??? ????? ????? ?? ?????? ?????."
1831,"????? ?????? ??????. ????? ????. ???? ?????????. 160 psi ??????."
1832,"????? ???? ?????? ?? AWC ?? ?????? ?????, ???? ????, ????? ???? ?? ?????? ???????."
1833,"???? ?????? ???? ????? ???? ?? ???? ???. ???? ????? ?????? ???????."
1834,"????? ???, ?????? ????? ?????? ???????, ?????? ????? ?? ???, ????? ????? ??????."
1835,"???? ?? ?? ????? ??????, ?????? ??????, ??? ????? ???? ??????. ???? ??-??? ????? ????? AWC."
1836,"??????? ????? ??????? ??????, ????? ????? ????????? ???? ????? ??????? ???? ????? ???? ?? ????-???????? ?????? ?????."
1837,"???? 8 ????? ?????? ?????, ??? ????? ??????."
1838,"??-????, ??? ????, ????? ????? ?????? ????."
1839,"????? ????? ????? ????????, 8 ????? ? ?????? ?????? ?? ????? ?????? ?????? ??????."
1840,"???? ??-?????? ???????? ?????? ??????? ??????? ??????? ????. ?????? ?????? ????? ????? ????."
1841,"??? ????-????? ????? ?????? ?????."
1842,"??? ???? ????? ????."
1843,"???? ?????,????, ????? ???, ?? ???? ???? ?????, ????? ???? ?????? ???? ??."
1844,"???? ???-????. ???? ????? ???????? ?????."
1845,"??, ??-???? ?????, ?? ????? ??????? ??????."
1846,"???? ????????? ??? ???? ?? ?????? ???? ???."
1847,"????? ?????? ?? ?????? ???????; ???? ??? ????? ?????."
1848,"???? ??????, ????? ????, ???????, ???? microfiber ?????? AWC."
1850,"???? ?????????, ??????? ????, ???-????, ?? ?????? ??????."
1851,"???? 2 ???? ??-?????? ?????? ???? ???? ????? ????, ???? ??? ?????? ?????? ???????."
1852,"????? ?????? ?????? ????? ?????? ??????; ??? ?? ???? ????? ????? ??????? ??????."
1853,"?????? ????? ????? ?????? ????; ??? ??????, ???? ??????. ????? ?? 1 ????."
1854,"???? ?????? ????? ???? ??????, ???? ???? ?????? ??????."
1855,"???"
1856,"?????;???????"
1857,"??????????"
1858,"?????????,??????????????????,???????????,?????"
1859,"?????????????????????,???????????"
1860,"???????????????????,??????,??????,????????,??????!"
1861,"????????????????????????????? Mountain-100 ??? HL ???"
1862,"?????????????????,????? HL ???????????????????????????"
1863,"???????????????????,???????"
1864,"????????;????????????????????????"
1865,"????????,?????????????????????????????????????????"
1866,"??????????????????????,????????????????????,?????????????"
1867,"???????????????????????????????,?????????????"
1868,"??????????,????,??????????????????????????,???????????????????"
1869,"????????????????,?????????????????????????????????????????"
1870,"??????????,????????????,?????????????????????????????????????????"
1871,"??????????????,???????????????????"
1872,"??????????????????? Adventure Works Cycles ?????????,????????????????,?????????????"
1873,"????????,?????????????????????????,????????????"
1874,"???????,?????????,??????????????????????????????????????????"
1875,"??????????????,?????????????????,??????????????????????,????,?????"
1876,"????????"
1877,"?????????"
1878,"???????"
1879,"????;????;?????"
1880,"??????;???????????????????????"
1882,"??????"
1883,"????????????????????"
1884,"??????????????????"
1885,"?????????????????"
1886,"??? ML ??????????????,?????"
1887,"ML ?????????????,?????????? HL ?????????????????????"
1888,"ML ?????????????,?????????? HL ?????????????????????"
1889,"??????????? Bothell ????????,?????????????????????????????????????????????????"
1890,"ML ?????????? HL ??????????,??????????????????????????????????"
1891,"?????????????????"
1892,"???????????????????"
1893,"???????????"
1894,"??????????????????"
1895,"?????????????"
1896,"????????????"
1897,"????????????,???????"
1898,"?????????????"
1899,"???????????????????"
1900,"????????,??????????"
1901,"?????????????????"
1903,"?????????????????????"
1904,"???????;?????????????????"
1905,"??????????????????????"
1906,"?????????????????"
1907,"?????????????????????"
1908,"???????,?????"
1909,"??????????????????,????????"
1910,"???????????????;????????"
1911,"????????????????"
1912,"?????;?????"
1913,"?????? ? ???"
1914,"????????"
1915,"??????????????"
1916,"????,????????"
1918,"???????;?????????"
1919,"?????????? 10 ???????"
1920,"??????????????????"
1921,"????????????????????"
1922,"????????????"
1923,"???????????????"
1924,"????????????;?????????"
1925,"????????????"
1926,"??????????????????????"
1927,"?????????,??????"
1928,"????,?????"
1929,"?????????????????????????????"
1930,"??????????"
1931,"???????????"
1932,"????????????????????"
1933,"?????????????????"
1934,"????????????????"
1935,"?????,????????"
1936,"????????????,??????????????"
1937,"??????????????"
1938,"??????;??????????"
1939,"????????????,?????????????????"
1940,"?????????????"
1941,"?????????,??????,?????????"
1942,"??????"
1943,"?????"
1944,"?????????"
1945,"??????"
1946,"LL ????????????,????????????????????"
1947,"ML ?????????? HL ??????????,??????????????????????????????????"
1948,"???????????????????????;????????,?????????????????????????????"
1949,"?????????,?????????????????????????????????"
1950,"HL ??????????,????????????;??????,????,???????????"
1951,"???????,???????? ? ???? AAA ??"
1952,"????????????;???????????"
1953,"?? AWC ???????? 30 ??;?????"
1954,"??????????;???;???????????"
1955,"???????????????"
1956,"?????????????,?????????????????"
1957,"????,???????????????????????? 160psi?"
1958,"?? AWC ?????,????????????????????"
1959,"????????????????????????????"
1960,"??????????????????????????"
1961,"????????????????????????AWC???????"
1963,"???????????,????????????,???????"
1964,"??????????????????"
1965,"????,????????"
1966,"???????????? ? ??????????????"
1967,"?????????????,??????????????,???????????"
1968,"?????????"
1969,"?????????"
1970,"??????????????,???????????????????"
1971,"????????????????"
1972,"????,????,???????"
1973,"???????????????????"
1974,"????,????;???"
1975,"?????? AWC ????????????"
1976,"??????????,????????"
1977,"??? 70 ?????????,??????????"
1978,"?????????????????;????????????"
1979,"?????????;?????,??????????"
1980,"????????????,???????????"
1981,"Replacement mountain wheel for entry-level rider."
1982,"???? ???????? ????? ??????? ?? ?????? ?????? ???????? ?????????."
1983,"Roue de secours tout-terrain pour v?t?tiste occasionnel."
1984,"???????????????????????????????????????????????"
1985,"???? ????? ?????? ????? ????? ??????."
1986,"?????????????????"
1987,"Replacement mountain wheel for the casual to serious rider."
1988,"???? ???????? ????? ??????? ?? ?????? ????? ???? ????? ?????? ????? ?? ?????? ?????? ??? ?????? ???????."
1989,"Roue de secours tout-terrain pour v?t?tiste amateur ? confirm?."
1990,"??????????????????????????????????????????????????????????"
1991,"???? ????? ?????? ????? ????? ????? ???????."
1992,"???????????????????"
1993,"High-performance mountain replacement wheel."
1994,"???? ???????? ????? ??????? ?? ?????? ????? ??????."
1995,"Roue de secours tout-terrain hautes performances."
1996,"???????????????????????????????????"
1997,"???? ????? ???? ??????? ?????? ?????."
1998,"???????????"
1999,"Replacement road rear wheel for entry-level cyclist."
2000,"???? ???? ?????? ????? ?????? ???????? ?????????."
2001,"Roue avant pour v?lo de route pour cycliste occasionnel."
2002,"???????????????????????????????????????????????????"
2003,"???? ????? ???? ?????? ???? ????? ??????."
2004,"??????????????????"
2005,"Wide-link design."
2006,"????? ???? ???????."
2007,"Conception liaison large."
2008,"????????????????????????????"
2009,"????? ???-??????."
2010,"??????"