Caller_id,Company_ref,First_name,Last_name
1,111,Ava,Clarke
2,134,Ava,Edwards
3,129,John,Green
4,108,Ryan,White
5,114,Noah,Evans
6,130,Adam,Green
7,136,Alex,Davis
8,134,Alfie,Lee
9,120,Evie,Patel
10,142,Alfie,Butler
11,142,David,Jackson
12,132,Conor,Lawson
13,143,Emily,Cooper
14,127,Ashley,Hill
15,137,David,Davies
16,120,Ryan,o'Connor
17,115,Alexis,Best
18,135,Grace,Wright
19,140,Joshua,Wood
20,100,Noah,Anderson
21,105,Noah,Williams
22,149,Adam,Harrison
23,116,Alfie,Elrick
24,135,Alfie,Turner
25,132,Alyssa,King
26,123,Amelia,Best
27,110,Ashley,Best
28,109,Chloe,Harris
29,128,Chloe,Walker
30,113,Emily,Wright
31,133,Alexis,Gritten
32,117,Amelia,Roberts
33,101,Sophie,Johnson
34,123,Madison,Young
35,128,Ethan,McConnell
36,148,Hannah,Brandom
37,123,James,McConnell
38,146,Jessica,Young
39,110,Joshua,Brandom
40,109,Madison,Brown
41,118,Madison,Lodge
42,100,Amelia,Penrice
43,114,Anthony,Lodge
44,140,Ashley,Penrice
45,112,Nicholas,Wilson
46,146,Elizabeth,Hall
47,114,Alexander,Bell
48,131,Isabella,Elrick
49,125,Christopher,Martin
50,108,Ava,Best
51,144,Luke,Lee
52,105,John,Lee
53,142,Alyssa,Hill
54,138,Ava,Lewis
55,130,John,Elrick
56,149,Sean,Walker
57,119,Ava,Harrison
58,135,Adam,Clarke
59,140,Lily,Davies
60,122,Luke,Hughes
61,142,Hannah,Johnson
62,114,John,Davies
63,111,Lily,Morgan
64,146,Noah,Cooper
65,111,Ruby,Walker
66,131,Ruby,Watson
67,141,Ryan,Davies
68,123,Ryan,Morgan
69,133,Alex,Powell
70,103,Evie,Lawson
71,115,Evie,Walker
72,136,Daniel,Lodge
73,131,Thomas,Clark
74,132,Hannah,Patel
75,107,Joshua,White
76,126,Luke,McConnell
77,129,Oliver,Ellis
78,145,Alexis,Patel
79,102,Alfie,Gritten
80,131,Alyssa,Smith
81,118,Chloe,Hopgood
82,144,David,Gritten
83,122,David,Hopgood
84,137,Emily,Johnson
85,145,Samantha,Hall
86,113,Isabella,Hall
87,129,Joseph,Thompson
88,141,Natalie,Elrick
89,123,Nicholas,Wood
90,108,Olivia,Thompson
91,148,Alyssa,Harrison
92,141,Alyssa,Williams
93,105,Anthony,Powell
94,129,Anthony,Wilson
95,126,Charlie,Clarke
96,138,Alexander,Evans
97,126,Samantha,Brandom
98,112,Alexander,James
99,104,Elizabeth,Baker
100,143,Christopher,Edwards
101,147,Christopher,Gritten
102,141,Mia,Lee
103,105,Ava,Lee
104,110,Emma,Hall
105,124,Ava,Elrick
106,108,Lily,Best
107,101,Mia,Davies
108,131,Mia,Watson
109,119,Alfie,Hughes
110,106,Ava,Phillips
111,102,Grace,Scott
112,100,Ethan,Lewis
113,107,Noah,Roberts
114,111,David,Jones
115,103,Sean,Roberts
116,119,Grace,Evans
117,141,Jack,Johnson
118,138,Logan,Clark
119,125,Logan,Lodge
120,114,Tyler,James
121,117,Alfie,Clark
122,124,Chloe,Moore
123,116,Joshua,Martin
124,148,Natalie,Wood
125,106,Ethan,Phillips
126,147,Andrew,Cooper
127,104,Ethan,Phillips
128,121,Oliver,Parker
129,139,Logan,Robinson
130,134,Grace,Harrison
131,101,Harry,Phillips
132,100,Jessica,Best
133,106,Logan,Harrison
134,110,Oliver,Lawson
135,107,Oliver,Turner
136,140,Olivia,Lawson
137,146,Thomas,Davies
138,101,Alyssa,Parker
139,146,Andrew,Parker
140,107,Ashley,Clarke
141,125,Briony,Harris
142,109,Jessica,Jackson
143,132,Matthew,Johnson
144,139,Elizabeth,Lee
145,100,Samantha,Williams
146,121,Elizabeth,Lawson
147,127,Elizabeth,Watson
148,118,Christopher,Thompson