student,event
co.12008.Ea,co12008.L01
co.12008.Ea,co12008.T01
co.12008.Eb,co12008.L01
co.12008.Eb,co12008.T02
co.12012.E,co12012.L01
co.12012.E,co12012.T01
co.22022.E,co22022.L01
co.22022.E,co22022.T01
co1.BAe,co12004.L01
co1.BAe,co12004.T05
co1.BAe,co12006.L02
co1.BAe,co12006.T04
co1.BAe,co12011.L01
co1.BAe,co12011.T01
co1.CO,co12004.L01
co1.CO,co12005.L01
co1.CO,co12005.L02
co1.CO,co12006.L01
co1.CO,co12006.L03
co1.CO.a,co12004.T01
co1.CO.a,co12005.T01
co1.CO.a,co12006.T01
co1.CO.c,co12004.T01
co1.CO.c,co12005.T01
co1.CO.c,co12006.T01
co1.CO.d,co12004.T02
co1.CO.d,co12005.T02
co1.CO.d,co12006.T02
co1.CO.e,co12004.T02
co1.CO.e,co12005.T02
co1.CO.e,co12006.T02
co1.CO.f,co12004.T06
co1.CO.f,co12005.T03
co1.CO.f,co12006.T03
co1.CO.h,co12004.T06
co1.CO.h,co12005.T03
co1.CO.h,co12006.T03
co1.CO.i,co12004.T03
co1.CO.i,co12005.T04
co1.CO.i,co12006.T04
co1.CO.j,co12004.T03
co1.CO.j,co12005.T04
co1.CO.j,co12006.T04
co1.IS,co12004.L01
co1.IS.a,co12004.T04
co1.IS.b,co12004.T04
co1.SE.pt,co12004.L02
co1.SE.pt,co12004.T01
co1.SE.pt,co12005.L01
co1.SE.pt,co12005.T05
co1.SE.pt,co12006.T05
co2.CO,co22005.L01
co2.CO,co22006.L01
co2.CO,co22007.L01
co2.CO.a,co22005.T01
co2.CO.a,co22005.T05
co2.CO.a,co22006.T01
co2.CO.a,co22007.T01
co2.CO.b,co22005.T01
co2.CO.b,co22005.T05
co2.CO.b,co22006.T02
co2.CO.b,co22007.T02
co2.CO.c,co22005.T02
co2.CO.c,co22005.T06
co2.CO.c,co22006.T03
co2.CO.c,co22007.T03
co2.CO.d,co22005.T02
co2.CO.d,co22005.T06
co2.CO.d,co22006.T04
co2.CO.d,co22007.T04
co2.CO.e,co22005.T09
co2.CO.e,co22005.T10
co2.CO.e,co22006.T01
co2.CO.e,co22007.T01
co2.CO.i,co22005.T03
co2.CO.i,co22005.T07
co2.CO.i,co22006.T02
co2.CO.i,co22007.T02
co2.CO.i,co22009.L01
co2.CO.i,co22009.T01
co2.CO.j,co22005.T03
co2.CO.j,co22005.T07
co2.CO.j,co22006.T03
co2.CO.j,co22007.T03
co2.CO.j,co22009.L01
co2.CO.j,co22009.T01
co2.CO.k,co22005.T04
co2.CO.k,co22005.T08
co2.CO.k,co22006.T04
co2.CO.k,co22007.T04
co2.CO.k,co22009.L01
co2.IS,co22005.L01
co2.IS,co22005.T04
co2.IS,co22005.T08
co2.IS,co22007.L01
co2.IS,co22007.T06
co2.NT.Ea,co22020.L01
co2.NT.Ea,co22020.T01
co2.NT.Eb,co22020.L01
co2.NT.Eb,co22020.T02
co2.NT.Ec,co22020.L01
co2.NT.Ec,co22020.T03
co2.NT.Ed,co22020.L01
co2.NT.Ed,co22020.T04
co2.NT.Ee,co22020.L01
co2.NT.Ee,co22020.T05
co2.SE.pt,co12006.L02
co2.SE.pt,co12006.T06
co2.SE.pt,co22005.L01
co2.SE.pt,co22005.T09
co2.SE.pt,co22007.T05
co3.CO,co32011.L01
co3.CO,co32011.L02
co3.CO,co32011.T01
co3.CO,co32014.L01
co3.CO,co32014.T01
co3.CO,co32016.L01
co3.DMM,co22007.L01
co3.DMM,co22007.T06
co3.DMM,co32005.L01
co3.DMM,co32005.T05
co3.DMM,co32018.L01
co3.DMM,co32018.T01
co3.DMM,co32021.L01
co3.DNC,co32003.L01
co3.DNC,co32003.T01
co3.DNC,co32005.L01
co3.DNC,co32005.T04
co3.DNC,co32018.L01
co3.DNC,co32018.T01
co3.DNC,co32021.L01
co3.DST,co32005.L01
co3.DST,co32005.T05
co3.DST,co32018.L01
co3.DST,co32018.T01
co3.DST,co32021.L01
co3.DST,co32023.L01
co3.DST,co32023.T01
co3.MM,co32011.L01
co3.MM,co32011.L02
co3.MM,co32011.T03
co3.MM,co32014.L01
co3.MM,co32014.T03
co3.MM,co32016.L01
co3.ND,co32011.L01
co3.ND,co32011.L02
co3.ND,co32011.T02
co3.ND,co32014.L01
co3.ND,co32014.T01
co3.ND,co32016.L01
co3.SE,co32011.L01
co3.SE,co32011.L02
co3.SE,co32011.T02
co3.SE,co32014.L01
co3.SE,co32014.T02
co3.SE,co32016.L01
co3.SE.pt,co22006.L02
co3.SE.pt,co22006.L03
co3.SE.pt,co22007.T05
co3.SE.pt,co32011.L01
co3.SE.pt,co32011.L02
co3.SE.pt,co32011.T01
co4.CO,co32015.L01
co4.CO,co32015.T01
co4.CO,co42009.L01
co4.CO,co42009.T01
co4.CO,co42010.L01
co4.CO,co42010.T02
co4.CO,co42019.L01
co4.DNC,co32014.L01
co4.DNC,co32014.T01
co4.DNC,co42005.L01
co4.DNC,co42005.T01
co4.DNC,co42019.L01
co4.DNC,co42022.L01
co4.DNC,co42022.T01
co4.IS,co42005.L01
co4.IS,co42005.T01
co4.IS,co42019.L01
co4.MM,co42001.L01
co4.MM,co42001.T01
co4.MM,co42002.L01
co4.MM,co42002.T01
co4.MM,co42005.L01
co4.MM,co42005.T01
co4.MM,co42019.L01
co4.ND,co42001.L01
co4.ND,co42001.T01
co4.ND,co42009.L01
co4.ND,co42009.T01
co4.ND,co42015.L01
co4.ND,co42015.T01
co4.ND,co42019.L01
co4.SE,co42010.L01
co4.SE,co42010.T01
co4.SE,co42013.L01
co4.SE,co42013.T01
co4.SE,co42019.L01
co4.SE.pt,co32014.L01
co4.SE.pt,co32014.T03
co4.SE.pt,co32016.L01
co5.SE.pt,co42010.L01
co5.SE.pt,co42010.T02
co5.SE.pt,co42013.L01
co5.SE.pt,co42013.T01
coh.HND1,coh8412585.L01
coh.HND1,coh8412605.L01
coh.HND1,coh8412615.L01
coh.HND1,coh8412635.L01
coh.HND1,coh8412635.L02
coh.HND1,coh8560095.L01
coh.HND1a,coh8412605.T01
coh.HND1a,coh8412615.T01
coh.HND1a,coh8412615.T04
coh.HND1a,coh8412635.T01
coh.HND1a,coh8412635.T04
coh.HND1a,coh8560095.T01
coh.HND1b,coh8412585.T02
coh.HND1b,coh8412605.T02
coh.HND1b,coh8412615.T02
coh.HND1b,coh8412615.T05
coh.HND1b,coh8412635.T02
coh.HND1b,coh8412635.T05
coh.HND1b,coh8560095.T02
coh.HND1c,coh8412585.T03
coh.HND1c,coh8412605.T03
coh.HND1c,coh8412615.T03
coh.HND1c,coh8412615.T06
coh.HND1c,coh8412635.T03
coh.HND1c,coh8560095.T03
coh.HND2,coh6412255.L01
coh.HND2,coh6412255.T01
coh.HND2,coh8412555.L01
coh.HND2,coh8412555.L02
coh.HND2,coh8412555.T01
coh.HND2,coh8412555.T02
coh.HND2,coh8412575.L01
coh.HND2,coh8412575.T01
coh.HND2,coh8412575.T02
coh.HND2,coh8521005.L01
coh.HND2a,coh8521005.T01
coh.HND2b,coh8521005.T02
com.IS,co72012.L01
com.IS,co72013.L01
com.IS.a,co72012.T02
com.IS.a,co72013.T01
com.IS.a,co72033.L01
com.IS.a,co72033.T01
com.IS.b,co72012.T02
com.IS.b,co72013.T01
com.IS.b,co72016.L01
com.IS.b,co72016.T01
com.IS.d,co72012.T01
com.IS.d,co72013.T02
com.IS.e,co72012.T03
com.IS.e,co72013.T06
com.IS.e,co72017.L01
com.IS.e,co72017.T01
com.IS.th,co72012.L01
com.IS.th,co72012.T03
com.IS.tu,co72013.L02
com.IS.tu,co72013.T03
com.IS.tu,co72033.L01
com.IS.tu,co72033.T01
com.ITeC,co72026.L01
com.ITeC,co72026.T01
com.ITeC.feb,co72011.L01
com.ITeC.feb,co72011.T09
com.ITeC.feb,co72013.L01
com.ITeC.feb,co72013.T02
com.ITeC.feb,co72023.L01
com.ITeC.feb,co72023.T03
com.ITeC.pt2,co72023.L01
com.ITeC.pt2,co72023.T05
com.ITeC.z1,co72023.L02
com.ITeC.z1,co72023.T06
com.ITeC.z2,co72023.L02
com.ITeC.z2,co72023.T06
com.ITeC.z3,co72026.L02
com.ITFS,co72002.L01
com.ITFS,co72002.T01
com.ITFS,co72003.L01
com.MM,co72011.L01
com.MM,co72023.L01
com.MM.a,co72011.T01
com.MM.a,co72011.T05
com.MM.a,co72023.T01
com.MM.b,co72011.T02
com.MM.b,co72011.T06
com.MM.b,co72023.T02
com.MM.c,co72011.T03
com.MM.c,co72011.T07
com.MM.c,co72023.T03
com.MM.d,co72011.T04
com.MM.d,co72011.T08
com.MM.d,co72023.T04
com.MM.feb,co72004.L01
com.MM.feb,co72004.T01
com.MM.feb,co72006.L01
com.MM.feb,co72006.T01
com.MM.pt2,co72011.L01
com.MM.pt2,co72011.T04
com.MM.pt2,co72011.T08
com.MM.pt2,co72023.L01
com.MM.pt2,co72023.T04
com.MM.pt3,co72004.L01
com.MM.pt3,co72004.T01
com.MM.pt3,co72006.L01
com.MM.pt3,co72006.T01
com.SE,co72013.L01
com.SE,co72013.T05
com.SE,co72018.L01
com.SE,co72018.T02
com.SE,co72021.L01
com.SE.th,co72018.L01
com.SE.th,co72018.T01
com.ST,co72013.L01
com.ST,co72013.T04
com.ST,co72018.L01
com.ST,co72018.T01
com.ST.a,co72033.L01
com.ST.a,co72033.T01
com.ST.b,co72016.L01
com.ST.b,co72016.T01
com.ST.th,co72018.L01
com.ST.th,co72018.T01
com.ST.tu,co72013.L02
com.ST.tu,co72013.T03
com.ST.tu,co72033.L01
com.ST.tu,co72033.T01