staff,event
co.ACg,co12005.T01
co.ACg,co42010.L01
co.ACg,co42010.T01
co.ACg,co42010.T02
co.ACg,co72013.L01
co.ACg,co72013.L02
co.ACg,co72013.T03
co.ACg,co72013.T04
co.ACg,co72013.T05
co.ACg,co72023.T02
co.ACr,co72033.L01
co.ACr,co72033.T01
co.AFA,co22020.L01
co.AFA,co22020.T04
co.AFA,co22020.T05
co.AL,co32011.L01
co.AL,co32011.T01
co.AL,co32011.T02
co.AL,co32011.T03
co.AL,co42019.L01
co.AMn,co12004.L01
co.AMn,co12004.T05
co.ASc,co42015.L01
co.ASc,co42015.T01
co.ASr,co12006.L01
co.ASr,co12006.L02
co.ASr,co12006.L03
co.ASr,co12006.T02
co.ASr,co12006.T04
co.ASr,co12006.T05
co.ASr,coh8412585.L01
co.ASr,coh8412585.T02
co.ASr,coh8412585.T03
co.ASr,coh8412615.L01
co.ASr,coh8412615.T01
co.ASr,coh8412615.T02
co.ASr,coh8412615.T03
co.ASr,coh8412615.T04
co.ASr,coh8412615.T05
co.ASr,coh8412615.T06
co.ASr,coh8521005.L01
co.ASr,coh8521005.T01
co.ASr,coh8521005.T02
co.AV,co32021.L01
co.BC,co32023.L01
co.BC,co32023.T01
co.BC,co72003.L01
co.CHt,co12005.T03
co.CHt,co72006.L01
co.CHt,co72006.T01
co.CHt,co72021.L01
co.CM,co22007.L01
co.CM,co22007.T03
co.CM,co22007.T04
co.CM,co22007.T06
co.CM,co72011.L01
co.CM,co72011.T01
co.CM,co72011.T03
co.CM,co72011.T05
co.CM,co72011.T07
co.CMD,co22008.L01
co.CMD,co22008.T01
co.CMD,co22008.T03
co.CMD,co22008.T04
co.EH,co12005.T04
co.FG,co12006.L02
co.FG,co12006.L03
co.FG,co12006.T01
co.FG,co12006.T06
co.FG,coh2451.L01
co.FG,coh2451.T01
co.GR,co12005.T01
co.GR,co42009.L01
co.GS,coh8412605.L01
co.GS,coh8412605.T01
co.GS,coh8412605.T02
co.GS,coh8412605.T03
co.IS,co42002.L01
co.IS,co42002.T01
co.IS,co72023.L01
co.IS,co72023.L02
co.IS,co72023.T01
co.IS,co72023.T02
co.IS,co72023.T03
co.IS,co72023.T04
co.IS,co72023.T05
co.IS,co72023.T06
co.JJ,co12006.L01
co.JJ,co12006.L02
co.JJ,co12006.L03
co.JJ,co12006.T03
co.JJ,co72002.L01
co.JJ,co72002.T01
co.JKg,co12008.L01
co.JKg,co12008.T01
co.JKg,co12008.T02
co.JKy,co42009.L01
co.JKy,co42009.T01
co.JMy,co22009.L01
co.JMy,co22009.T01
co.JMz,co22020.L01
co.JMz,co22020.T01
co.JMz,co22020.T02
co.JMz,co22020.T03
co.JMz,co72016.L01
co.JMz,co72016.T01
co.JO,co72017.L01
co.JO,co72017.T01
co.JO,co72018.L01
co.JO,co72018.T01
co.JO,co72018.T02
co.JSv,co12005.T05
co.JSv,co22006.L01
co.JSv,co22006.L02
co.JSv,co22006.L03
co.JSv,co22006.T04
co.KB,co12005.L01
co.KB,co12005.L02
co.KB,co12005.T02
co.KB,co22006.L01
co.KB,co22006.L02
co.KB,co22006.L03
co.KB,co22006.T03
co.KB,co32015.L01
co.KB,co32015.T01
co.KC,co22006.L01
co.KC,co22006.L02
co.KC,co22006.L03
co.KC,co22006.T01
co.KC,co22006.T02
co.KC,co72013.L01
co.KC,co72013.L02
co.KC,co72013.T01
co.KC,co72013.T02
co.KC,co72013.T06
co.LM,co32018.L01
co.LM,co32018.T01
co.LM,co42022.L01
co.LM,co42022.T01
co.MR,co32016.L01
co.MR,coh8412555.L01
co.MR,coh8412555.L02
co.MR,coh8412555.T01
co.MR,coh8412555.T02
co.MR,coh8412575.L01
co.MR,coh8412575.T01
co.MR,coh8412575.T02
co.MS,co22005.L01
co.MS,co22005.T01
co.MS,co22005.T02
co.MS,co22005.T05
co.MS,co22005.T06
co.MS,co32003.L01
co.MS,co32003.T01
co.PTr,co32005.L01
co.PTr,co32005.T05
co.PTr,co42005.L01
co.PTr,co42005.T01
co.RB,coh8412635.L01
co.RB,coh8412635.L02
co.RB,coh8412635.T01
co.RB,coh8412635.T02
co.RB,coh8412635.T03
co.RB,coh8412635.T04
co.RB,coh8412635.T05
co.RK,co12004.L01
co.RK,co12004.L02
co.RK,co12004.T01
co.RK,co12004.T04
co.RK,co12004.T06
co.RK,co72003.L01
co.RK,co72012.L01
co.RK,co72012.T01
co.RK,co72012.T02
co.RK,co72012.T03
co.RR,co42015.L01
co.RR,co42015.T01
co.RR,co72016.L01
co.RR,co72016.T01
co.SL,co32018.L01
co.SL,co32018.T01
co.SL,co42001.L01
co.SL,co42001.T01
co.SL,co42022.L01
co.SL,co42022.T01
co.SM,co12012.L01
co.SM,co12012.T01
co.SM,co22022.L01
co.SM,co22022.T01
co.SM,co72004.L01
co.SM,co72004.T01
co.SRM,co12004.L01
co.SRM,co12004.L02
co.SRM,co12004.T02
co.SRM,co12004.T03
co.SS,co12012.L01
co.SS,co12012.T01
co.ST,co22005.L01
co.ST,co22005.T03
co.ST,co22005.T04
co.ST,co22005.T07
co.ST,co22005.T08
co.ST,co22005.T09
co.ST,co22005.T10
co.ST,co32005.L01
co.ST,co32005.T04
co.ST,co72011.L01
co.ST,co72011.T02
co.ST,co72011.T04
co.ST,co72011.T06
co.ST,co72011.T08
co.ST,co72011.T09
co.TG,co42013.L01
co.TG,co42013.T01
co.TMc,co22007.L01
co.TMc,co22007.T01
co.TMc,co22007.T02
co.TMc,co22007.T05
co.TMu,co32014.L01
co.TMu,co32014.T01
co.TMu,co32014.T02
co.TMu,co32014.T03
co.TP,co72026.L01
co.TP,co72026.L02
co.XL,co22008.L01
co.XL,co22008.L02
co.XL,co22008.T05
co.XL,co32011.L02
co.XL,co32011.T01
co.XL,co32011.T02
co.XL,co32011.T03
co.XL,co72026.L01
co.XL,co72026.T01
co.ZZ1,co12011.L01
co.ZZ1,co12011.T01
co.ZZ7,coh8560095.L01
co.ZZ7,coh8560095.T01
co.ZZ7,coh8560095.T02
co.ZZ7,coh8560095.T03
co.ZZ8,coh6412255.L01
co.ZZ8,coh6412255.T01
